{
  "project_info": {
    "project_number": "597626474502",
    "firebase_url": "https://ytbackground-india.firebaseio.com",
    "project_id": "ytbackground-india",
    "storage_bucket": "ytbackground-india.appspot.com"
  },
  "client": [
    {
      "client_info": {
        "mobilesdk_app_id": "1:597626474502:android:dd4ada26a808c96177b387",
        "android_client_info": {
          "package_name": "com.ytbackground"
        }
      },
      "oauth_client": [
        {
          "client_id": "597626474502-gj2kmt8eeieprrbb0n4h4ahgtobjgcl2.apps.googleusercontent.com",
          "client_type": 3
        }
      ],
      "api_key": [
        {
          "current_key": "AIzaSyCk-zjosdvLuaoWBZSis4e5x7sdgNozQPg"
        }
      ],
      "services": {
        "appinvite_service": {
          "other_platform_oauth_client": [
            {
              "client_id": "597626474502-gj2kmt8eeieprrbb0n4h4ahgtobjgcl2.apps.googleusercontent.com",
              "client_type": 3
            }
          ]
        }
      }
    }
  ],
  "configuration_version": "1"
}